{
	"schema_id" : 1,
	"tables" : [ 
		{
			"table_name": "EMPLOYEE",
			"columns": [
				{
					"column_name" : "FNAME",
					"not_null" : "true",
					"column_type" : "UNKNOWN"
				},
				{
					"column_name" : "MINIT",
					"not_null" : "true",
					"column_type" : "UNKNOWN"
				},
				{
					"column_name" : "LNAME",
					"not_null" : "true",
					"column_type" : "UNKNOWN"
				},
				{
					"column_name" : "SSN",
					"not_null" : "true",
					"column_type" : "UNKNOWN"
				},
				{
					"column_name" : "BDATE",
					"not_null" : "true",
					"column_type" : "UNKNOWN"
				},
				{
					"column_name" : "ADDRESS",
					"not_null" : "true",
					"column_type" : "UNKNOWN"
				},
				{
					"column_name" : "SEX",
					"not_null" : "true",
					"column_type" : "UNKNOWN"
				},
				{
					"column_name" : "SALARY",
					"not_null" : "true",
					"column_type" : "UNKNOWN"
				},
				{
					"column_name" : "SUPER_SSN",
					"not_null" : "true",
					"column_type" : "UNKNOWN"
				},
				{
					"column_name" : "DNO",
					"not_null" : "true",
					"column_type" : "UNKNOWN"
				}
			],
			"primary_key" : {
				"present" : "true",
				"column_names" : [
					"SSN"
				]
			},
			"foriegn_keys" : [
			]
		},
		{
			"table_name": "DEPARTMENT",
			"columns": [
				{
					"column_name" : "DNAME",
					"not_null" : "true",
					"column_type" : "UNKNOWN"
				},
				{
					"column_name" : "DNUMBER",
					"not_null" : "true",
					"column_type" : "UNKNOWN"
				},
				{
					"column_name" : "MGR_SSN",
					"not_null" : "true",
					"column_type" : "UNKNOWN"
				},
				{
					"column_name" : "MGR_START_DATE",
					"not_null" : "true",
					"column_type" : "UNKNOWN"
				}
			],
			"primary_key" : {
				"present" : "true",
				"column_names" : [
					"DNUMBER"
				]
			},
			"foriegn_keys" : [
				{
					"key_column_names" : [
						"MGR_SSN"
					],
					"reference_table" : "EMPLOYEE",
					"reference_column_names" : [
						"SSN"
					]
				},
				{
					"key_column_names" : [
						"DNUMBER"
					],
					"reference_table" : "EMPLOYEE",
					"reference_column_names" : [
						"SEX"
					]
				}
			]
		}
	]
}