{
	"schema_id" : 1,
	"tables" : [ 
		{
			"table_name": "EMPLOYEE",
			"columns": [
				{
					"column_name" : "FNAME",
					"not_null" : "true",
					"column_type" : "INT"
				},
				{
					"column_name" : "MINIT",
					"not_null" : "true",
					"column_type" : "FLOAT"
				},
				{
					"column_name" : "LNAME",
					"not_null" : "true",
					"column_type" : "TEXT"
				},
				{
					"column_name" : "SSN",
					"not_null" : "true",
					"column_type" : "FLOAT"
				},
				{
					"column_name" : "BDATE",
					"not_null" : "true",
					"column_type" : "BYTE"
				},
				{
					"column_name" : "ADDRESS",
					"not_null" : "true",
					"column_type" : "VARCHAR"
				},
				{
					"column_name" : "SEX",
					"not_null" : "true",
					"column_type" : "VARCHAR"
				},
				{
					"column_name" : "SALARY",
					"not_null" : "true",
					"column_type" : "INT"
				},
				{
					"column_name" : "SUPER_SSN",
					"not_null" : "true",
					"column_type" : "INT"
				},
				{
					"column_name" : "DNO",
					"not_null" : "true",
					"column_type" : "INT"
				}
			],
			"primary_key" : {
				"present" : "true",
				"column_names" : [
					"SSN"
				]
			},
			"foriegn_keys" : [
			]
		}
	]
}