{ 
    "tables" : [
        {
            "table_name" : "$table_name",
            "columns" : [
                {
                    "column_name" : "$column_name",
                    "not_null" : true,
                    "column_type" : "unknown"
                }
                ....

            ],
            "primary_key" : {
                "present" : true,
                "column_names" : [
                    "$column_name1",
                    ...
                ]
            },
            "foriegn_keys" : [
                {
                    "key_columns_names" : [
                        "$column_name1"
                        ..
                    ],
                    "reference_table" : "$table_name",
                    "reference_column_names" : [
                        "$column_name2"
                        ...
                    ]
                }
            ]
        }
    ]
}
